version,scenario,field,ref_column,port_column,n,ref_mean,port_mean,MAE,max_abs_err,n_differ,correlation,verdict
v2,A_toolbox_exposure,Sen,Sen,Sensitivity,37,0.4525121405476387,0.4525121405476387,0.0,0.0,0,1.0,exact
v2,A_toolbox_exposure,CCap,CCap,CopingCapacity,37,0.3759620794909468,0.3759620794909468,0.0,0.0,0,0.9999999999999999,exact
v2,A_toolbox_exposure,SV,SV,SVI,37,0.5384336440008824,0.5384336440008824,2.700542492331462e-17,1.1102230246251565e-16,0,1.0,exact
v2,A_toolbox_exposure,SV_PF,SV_PF,SVPF,37,0.5084061246164805,0.5084061246164805,6.638833626981511e-17,2.220446049250313e-16,0,1.0,exact
v2,A_toolbox_exposure,HMA,HMA,HMA,37,0.6518302980445406,0.645958917750568,0.005873199587557787,0.19421627622977322,9,0.997752689859064,near
v2,A_toolbox_exposure,HWB,HWB,HWB,37,1.7973072258145244,1.7605775196917544,0.03686895509382264,0.6957810912438904,18,0.9982541686845867,near
v2,A_toolbox_exposure,PFR_MA,PFR_MA,PFRMA,37,3.6873439032780775,4.227193715038408,0.6798748286072311,7.861112384136341,28,0.9947602273668333,near
v2,A_toolbox_exposure,PFR_WB,PFR_WB,PFRWB,37,2.876138416047947,3.4847665058256103,0.7260729096092602,5.109950921844468,20,0.9858709601453013,near
v2,A_toolbox_exposure,E_MA (RB),RB,R,37,8.378378378378379,9.839475294764894,1.5468525528915253,13.05682795303099,37,0.9953018530780559,near
v2,A_toolbox_exposure,E_MA (R),R,R,37,9.864864864864865,9.839475294764894,0.1989767226541625,0.4855389925654876,37,0.9998478444100022,near
v2,A_toolbox_exposure,E_WB (RBG),RBG,R_G,37,4.54054054054054,5.408466734196646,0.9108040119086129,2.865414322884721,35,0.9814942992711168,near
v2,A_toolbox_exposure,E_WB (R_G),R_G,R_G,37,5.4324324324324325,5.408466734196646,0.178706003124262,0.7280692357640763,35,0.9974890162102371,near
v1,A_toolbox_exposure,Sen,Sen,Sensitivity,37,0.4525121405476387,0.4525121405476387,0.0,0.0,0,1.0,exact
v1,A_toolbox_exposure,CCap,CCap,CopingCapacity,37,0.3759620794909468,0.3759620794909468,0.0,0.0,0,0.9999999999999999,exact
v1,A_toolbox_exposure,SV,SV,SVI,37,0.5384336440008824,0.5384336440008824,2.700542492331462e-17,1.1102230246251565e-16,0,1.0,exact
v1,A_toolbox_exposure,SV_PF,SV_PF,SVPF,37,0.5084061246164805,0.5084061246164805,6.638833626981511e-17,2.220446049250313e-16,0,1.0,exact
v1,A_toolbox_exposure,HMA,HMA,HMA,37,0.6541595349080946,0.645958917750568,0.046883650603600356,0.6010611312599515,10,0.9535540450260784,near
v1,A_toolbox_exposure,HWB,HWB,HWB,37,1.7973072258145244,1.7605775196917544,0.03686895509382264,0.6957810912438904,18,0.9982541686845867,near
v1,A_toolbox_exposure,PFR_MA,PFR_MA,PFRMA,37,3.6528534475661645,4.227193715038408,0.8289925316505591,7.8610704798731135,29,0.9879909018046468,near
v1,A_toolbox_exposure,PFR_WB,PFR_WB,PFRWB,37,2.876138416047947,3.4847665058256103,0.7260729096092602,5.109950921844468,20,0.9858709601453013,near
v1,A_toolbox_exposure,E_MA (EMA),EMA,R,37,8.378378378378379,9.839475294764894,1.5468525528915253,13.05682795303099,37,0.9953018530780559,near
v1,A_toolbox_exposure,E_WB (EWB),EWB,R_G,37,4.54054054054054,5.408466734196646,0.9108040119086129,2.865414322884721,35,0.9814942992711168,near
v2,B_published_exposure,Sen,Sen,Sensitivity,37,0.4525121405476387,0.4525121405476387,0.0,0.0,0,1.0,exact
v2,B_published_exposure,CCap,CCap,CopingCapacity,37,0.3759620794909468,0.3759620794909468,0.0,0.0,0,0.9999999999999999,exact
v2,B_published_exposure,SV,SV,SVI,37,0.5384336440008824,0.5384336440008824,2.700542492331462e-17,1.1102230246251565e-16,0,1.0,exact
v2,B_published_exposure,SV_PF,SV_PF,SVPF,37,0.5084061246164805,0.5084061246164805,6.638833626981511e-17,2.220446049250313e-16,0,1.0,exact
v2,B_published_exposure,HMA,HMA,HMA,37,0.6518302980445406,0.645958917750568,0.005873199587557787,0.19421627622977322,9,0.997752689859064,near
v2,B_published_exposure,HWB,HWB,HWB,37,1.7973072258145244,1.7605775196917544,0.03686895509382264,0.6957810912438904,18,0.9982541686845867,near
v2,B_published_exposure,PFR_MA,PFR_MA,PFRMA,37,3.6873439032780775,3.65987739121521,0.027473214553182124,0.9269724801822786,10,0.9998437571862708,near
v2,B_published_exposure,PFR_WB,PFR_WB,PFRWB,37,2.876138416047947,2.806591401524942,0.06993287984867558,1.8396193111008756,17,0.9983996704511043,near
v2,B_published_exposure,E_MA (RB),RB,R,37,8.378378378378379,8.378378378378379,0.0,0.0,0,1.0,exact
v2,B_published_exposure,E_MA (R),R,R,37,9.864864864864865,8.378378378378379,1.5405405405405406,13.0,30,0.9953507597341896,near
v2,B_published_exposure,E_WB (RBG),RBG,R_G,37,4.54054054054054,4.54054054054054,0.0,0.0,0,0.9999999999999999,exact
v2,B_published_exposure,E_WB (R_G),R_G,R_G,37,5.4324324324324325,4.54054054054054,0.8918918918918919,3.0,28,0.9826000315601741,near
v1,B_published_exposure,Sen,Sen,Sensitivity,37,0.4525121405476387,0.4525121405476387,0.0,0.0,0,1.0,exact
v1,B_published_exposure,CCap,CCap,CopingCapacity,37,0.3759620794909468,0.3759620794909468,0.0,0.0,0,0.9999999999999999,exact
v1,B_published_exposure,SV,SV,SVI,37,0.5384336440008824,0.5384336440008824,2.700542492331462e-17,1.1102230246251565e-16,0,1.0,exact
v1,B_published_exposure,SV_PF,SV_PF,SVPF,37,0.5084061246164805,0.5084061246164805,6.638833626981511e-17,2.220446049250313e-16,0,1.0,exact
v1,B_published_exposure,HMA,HMA,HMA,37,0.6541595349080946,0.645958917750568,0.046883650603600356,0.6010611312599515,10,0.9535540450260784,near
v1,B_published_exposure,HWB,HWB,HWB,37,1.7973072258145244,1.7605775196917544,0.03686895509382264,0.6957810912438904,18,0.9982541686845867,near
v1,B_published_exposure,PFR_MA,PFR_MA,PFRMA,37,3.6528534475661645,3.65987739121521,0.18951657615234904,3.524023395672338,12,0.9970084829377426,near
v1,B_published_exposure,PFR_WB,PFR_WB,PFRWB,37,2.876138416047947,2.806591401524942,0.06993287984867558,1.8396193111008756,17,0.9983996704511043,near
v1,B_published_exposure,E_MA (EMA),EMA,R,37,8.378378378378379,8.378378378378379,0.0,0.0,0,1.0,exact
v1,B_published_exposure,E_WB (EWB),EWB,R_G,37,4.54054054054054,4.54054054054054,0.0,0.0,0,0.9999999999999999,exact
v2,C_authors_ring_rule,Sen,Sen,Sensitivity,37,0.4525121405476387,0.4525121405476387,0.0,0.0,0,1.0,exact
v2,C_authors_ring_rule,CCap,CCap,CopingCapacity,37,0.3759620794909468,0.3759620794909468,0.0,0.0,0,0.9999999999999999,exact
v2,C_authors_ring_rule,SV,SV,SVI,37,0.5384336440008824,0.5384336440008824,2.700542492331462e-17,1.1102230246251565e-16,0,1.0,exact
v2,C_authors_ring_rule,SV_PF,SV_PF,SVPF,37,0.5084061246164805,0.5084061246164805,6.638833626981511e-17,2.220446049250313e-16,0,1.0,exact
v2,C_authors_ring_rule,HMA,HMA,HMA,37,0.6518302980445406,0.6517519977817254,8.011955640051951e-05,0.0007942710773345407,9,0.9999999013145876,near
v2,C_authors_ring_rule,HWB,HWB,HWB,37,1.7973072258145244,1.7972844257619678,0.00016311147839408963,0.0016116509277210866,18,0.9999999858042237,near
v2,C_authors_ring_rule,PFR_MA,PFR_MA,PFRMA,37,3.6873439032780775,3.686683700604838,0.0006669051635541098,0.01272491406308518,10,0.999999965965826,near
v2,C_authors_ring_rule,PFR_WB,PFR_WB,PFRWB,37,2.876138416047947,2.8762428818361214,0.0002823810907043664,0.004033093640952501,17,0.9999999896488114,near
v2,C_authors_ring_rule,E_MA (RB),RB,R,37,8.378378378378379,8.378378378378379,0.0,0.0,0,1.0,exact
v2,C_authors_ring_rule,E_MA (R),R,R,37,9.864864864864865,8.378378378378379,1.5405405405405406,13.0,30,0.9953507597341896,near
v2,C_authors_ring_rule,E_WB (RBG),RBG,R_G,37,4.54054054054054,4.54054054054054,0.0,0.0,0,0.9999999999999999,exact
v2,C_authors_ring_rule,E_WB (R_G),R_G,R_G,37,5.4324324324324325,4.54054054054054,0.8918918918918919,3.0,28,0.9826000315601741,near
v1,C_authors_ring_rule,Sen,Sen,Sensitivity,37,0.4525121405476387,0.4525121405476387,0.0,0.0,0,1.0,exact
v1,C_authors_ring_rule,CCap,CCap,CopingCapacity,37,0.3759620794909468,0.3759620794909468,0.0,0.0,0,0.9999999999999999,exact
v1,C_authors_ring_rule,SV,SV,SVI,37,0.5384336440008824,0.5384336440008824,2.700542492331462e-17,1.1102230246251565e-16,0,1.0,exact
v1,C_authors_ring_rule,SV_PF,SV_PF,SVPF,37,0.5084061246164805,0.5084061246164805,6.638833626981511e-17,2.220446049250313e-16,0,1.0,exact
v1,C_authors_ring_rule,HMA,HMA,HMA,37,0.6541595349080946,0.6517519977817254,0.041092168241269135,0.6010611312599515,10,0.9549604618790772,near
v1,C_authors_ring_rule,HWB,HWB,HWB,37,1.7973072258145244,1.7972844257619678,0.00016311147839408963,0.0016116509277210866,18,0.9999999858042237,near
v1,C_authors_ring_rule,PFR_MA,PFR_MA,PFRMA,37,3.6528534475661645,3.686683700604838,0.16271548714721445,3.524023395672338,12,0.9971846798273143,near
v1,C_authors_ring_rule,PFR_WB,PFR_WB,PFRWB,37,2.876138416047947,2.8762428818361214,0.0002823810907043664,0.004033093640952501,17,0.9999999896488114,near
v1,C_authors_ring_rule,E_MA (EMA),EMA,R,37,8.378378378378379,8.378378378378379,0.0,0.0,0,1.0,exact
v1,C_authors_ring_rule,E_WB (EWB),EWB,R_G,37,4.54054054054054,4.54054054054054,0.0,0.0,0,0.9999999999999999,exact
