ID,Sensitivity,CopingCapacity,SVI,SVPF,R,R_G,HMA,HWB,PFRMA,PFRWB
1,0.2458560085036212,0.32969416631272064,0.28506667308934125,0.17612717620558085,5.0,5.0,0.9999999853171895,6.998655971931596,0.8806358680976945,6.163267567853184
2,0.2458560085036212,0.32969416631272064,0.28506667308934125,0.17612717620558085,5.0,5.0,0.9999999853171895,2.8701110240316403,0.8806358680976945,2.527522750296004
3,0.5529271318237453,0.7543993994981302,0.6342166492532698,0.5910919732737832,10.0,5.0,1.3576517923231472e-14,2.8947517608548716e-24,8.024970769429775e-14,8.555322652307322e-24
4,0.5820103286102788,0.0,0.6377975478190484,0.5966109652195143,8.0,0.0,0.33102218910466563,0.0656008441111256,1.5799317420064891,0.0
5,0.5820103286102788,0.32969416631272064,0.44253675229546224,0.3330965395156005,5.0,5.0,4.5315321960103304e-12,0.0,7.547188465972854e-12,0.0
6,0.5820103286102788,0.32969416631272064,0.44253675229546224,0.3330965395156005,6.0,6.0,0.9981124036277378,0.0,1.9948067261759863,0.0
7,1.113151645228661,1.0000751260205765,0.9928902853786516,1.2712533103360564,20.0,10.0,0.9226568754700376,0.0,23.458612144912156,0.0
8,0.0,0.32969416631272064,0.4282421524603594,0.31680075678789243,5.0,5.0,0.8415205693634868,0.0,1.3329717661346538,0.0
9,0.8585640853017162,0.6110545357588684,0.6881266717583212,0.6768930164017046,7.0,7.0,0.0,0.0,0.0,0.0
10,0.8585640853017162,0.0,0.8539092755152774,0.9771672165539523,6.0,3.0,0.9569162554480013,0.8281745183833419,5.610403162868126,2.4277949668486807
11,0.2458560085036212,0.32969416631272064,0.28506667308934125,0.17612717620558085,5.0,5.0,0.9999997515001905,1.059614732432173,0.8806356621900555,0.9331347534455536
12,1.0779148281158646,1.0000751260205765,0.9768521718751652,1.2353446272856925,18.0,9.0,0.9999784582694348,0.9999907829210191,22.235724284842373,11.117999169150249
13,0.2458560085036212,0.0,0.2952412840783319,0.1847707603591246,5.0,5.0,0.9999999853171895,4.998104955275282,0.9238537882308527,4.617518264704612
14,0.5529271318237453,1.0102051443364382,0.749907747302835,0.7823688342991961,12.0,6.0,0.9999999853171895,6.051807305787641,9.388425873741873,28.408472563394614
15,0.5529271318237453,0.8329662029811903,0.675018327619112,0.655495455887377,14.0,7.0,0.035189322178396834,0.0,0.32293017097174426,0.0
16,0.5820103286102788,0.7495923082055115,0.641335258660848,0.6020885784870854,72.0,12.0,0.9999602437417445,1.072845358960919,43.34865420226078,7.751375245358959
17,0.8585640853017162,0.32969416631272064,0.6033505991703498,0.5445835006919281,6.0,3.0,0.02187452955008726,1.0230909185064642e-09,0.07147504727025328,1.671475301779111e-09
18,0.5820103286102788,0.6110545357588684,0.566266980749382,0.4912263147601589,8.0,8.0,0.0,0.0,0.0,0.0
19,0.2458560085036212,0.0,0.2952412840783319,0.1847707603591246,5.0,5.0,0.0,0.0,0.0,0.0
20,0.5820103286102788,0.6110545357588684,0.566266980749382,0.4912263147601589,10.0,0.0,0.0,0.0,0.0,0.0
21,0.5820103286102788,0.6110545357588684,0.566266980749382,0.4912263147601589,8.0,8.0,0.0,0.0,0.0,0.0
22,0.5529271318237453,0.8329662029811903,0.675018327619112,0.655495455887377,12.0,6.0,0.9999999853171895,2.8364269309342864,7.865945355154338,11.155589785104024
23,0.5820103286102788,0.0,0.6377975478190484,0.5966109652195143,8.0,8.0,0.9999999853171895,0.0,4.772887651676708,0.0
24,0.0,0.32969416631272064,0.4282421524603594,0.31680075678789243,1.0,1.0,0.9999999629783329,1.0578835691512283,0.3168007450594003,0.33513831530058585
25,0.6092116291186935,1.0000751260205765,0.7603967532800756,0.8010342440884,18.0,9.0,0.0,0.0,0.0,0.0
26,0.0,0.32969416631272064,0.4282421524603594,0.31680075678789243,4.0,4.0,2.1895564179425346e-06,0.0,2.7746125209359275e-06,0.0
27,0.44835937879017584,0.0,0.5112064528510942,0.4170768383712923,12.0,6.0,0.9999999853171895,4.555860979505061,5.004921986969186,11.400864560346658
28,0.0,0.0,0.0,0.018119424312004313,2.0,2.0,0.007592280254835246,0.0,0.0002751354948660241,0.0
29,0.0,0.32969416631272064,0.4282421524603594,0.31680075678789243,1.0,1.0,0.9999999853171895,5.846721580351758,0.31680075213636694,1.8522458213835395
30,0.0,0.0,0.0,0.018119424312004313,1.0,1.0,0.9999999721138433,3.9997441863261116,0.018119423806723208,0.07247306205151526
31,0.0,0.32969416631272064,0.4282421524603594,0.31680075678789243,2.0,2.0,0.9999999853171895,6.004147267715372,0.6336015042727339,3.8042367965563733
32,0.8585640853017162,0.0,0.8539092755152774,0.9771672165539523,1.0,1.0,0.9999999853171895,5.988439195736051,0.9771672022063912,5.851706460399986
33,0.0,0.32969416631272064,0.4282421524603594,0.31680075678789243,2.0,2.0,0.9999999853171895,3.982561984278086,0.6336015042727339,2.5233573011479766
34,0.0,0.32969416631272064,0.4282421524603594,0.31680075678789243,2.0,2.0,0.9999999853171895,2.9998528114431244,0.6336015042727339,1.9007112818349372
35,0.8585640853017162,0.0,0.8539092755152774,0.9771672165539523,1.0,1.0,0.9999999853171895,2.7878999093542873,0.9771672022063912,2.724244394454745
36,0.2458560085036212,0.0,0.2952412840783319,0.1847707603591246,2.0,2.0,0.9999999850271322,0.9999732512448234,0.3695415151851528,0.3695316359425839
37,0.8585640853017162,0.0,0.8539092755152774,0.9771672165539523,1.0,1.0,0.9999991206114882,0.4951065922947899,0.977166357244328,0.4838019306902124
