ID,Sen_ref,Sen_port,CCap_ref,CCap_port,SV_ref,SV_port,SV_PF_ref,SV_PF_port,HMA_ref,HMA_port,HWB_ref,HWB_port,PFR_MA_ref,PFR_MA_port,PFR_WB_ref,PFR_WB_port,E_MA (RB)_ref,E_MA (RB)_port,E_MA (R)_ref,E_MA (R)_port,E_WB (RBG)_ref,E_WB (RBG)_port,E_WB (R_G)_ref,E_WB (R_G)_port
1,0.2458560085036212,0.2458560085036212,0.32969416631272064,0.32969416631272064,0.28506667308934125,0.28506667308934125,0.1761271762055808,0.17612717620558085,0.9999999853391635,0.9999999853171895,6.998660988407818,6.998655971931596,0.8806358681170454,0.8806358680976945,6.16327198554214,6.163267567853184,5.0,5.0,6.0,5.0,5.0,5.0,6.0,5.0
2,0.2458560085036212,0.2458560085036212,0.32969416631272064,0.32969416631272064,0.28506667308934125,0.28506667308934125,0.1761271762055808,0.17612717620558085,0.9999999853145816,0.9999999853171895,2.871065179874255,2.8701110240316403,0.8806358680953976,0.8806358680976945,2.528363014167102,2.527522750296004,5.0,5.0,6.0,5.0,5.0,5.0,6.0,5.0
3,0.5529271318237453,0.5529271318237453,0.7543993994981303,0.7543993994981303,0.6342166492532697,0.6342166492532698,0.5910919732737829,0.5910919732737832,1.4074808060273448e-14,1.3576517923231472e-14,2.785156006320466e-24,2.8947517608548716e-24,8.319506069796778e-14,8.024970769429775e-14,8.231416798256464e-24,8.555322652307322e-24,10.0,10.0,10.0,10.0,5.0,5.0,5.0,5.0
4,0.5820103286102788,0.5820103286102788,0.0,0.0,0.6377975478190484,0.6377975478190484,0.5966109652195143,0.5966109652195143,0.3316242028282767,0.33102218910466563,0.06572982644671882,0.0656008441111256,1.5828050859162413,1.5799317420064891,0.0,0.0,8.0,8.0,10.0,8.0,0.0,0.0,0.0,0.0
5,0.5820103286102788,0.5820103286102788,0.32969416631272064,0.32969416631272064,0.44253675229546224,0.44253675229546224,0.3330965395156003,0.3330965395156005,5.59347589817534e-12,4.5315321960103304e-12,0.0,0.0,9.315837327730601e-12,7.547188465972854e-12,0.0,0.0,5.0,5.0,6.0,5.0,5.0,5.0,6.0,5.0
6,0.5820103286102788,0.5820103286102788,0.32969416631272064,0.32969416631272064,0.44253675229546224,0.44253675229546224,0.3330965395156003,0.3330965395156005,0.9980803016638554,0.9981124036277378,0.0,0.0,1.9947425678575001,1.9948067261759863,0.0,0.0,6.0,6.0,7.0,6.0,6.0,6.0,7.0,6.0
7,1.113151645228661,1.113151645228661,1.0000751260205765,1.0000751260205765,0.9928902853786516,0.9928902853786516,1.2712533103360564,1.2712533103360564,0.9231573624288374,0.9226568754700376,0.0,0.0,23.47133705897524,23.458612144912156,0.0,0.0,20.0,20.0,19.0,20.0,10.0,10.0,10.0,10.0
8,0.0,0.0,0.32969416631272064,0.32969416631272064,0.4282421524603594,0.4282421524603594,0.31680075678789243,0.31680075678789243,0.8423148404408214,0.8415205693634868,0.0,0.0,1.3342298945266253,1.3329717661346538,0.0,0.0,5.0,5.0,6.0,5.0,5.0,5.0,6.0,5.0
9,0.8585640853017162,0.8585640853017162,0.6110545357588684,0.6110545357588684,0.6881266717583212,0.6881266717583212,0.6768930164017046,0.6768930164017046,0.0,0.0,0.0,0.0,0.0,0.0,0.0,0.0,7.0,7.0,8.0,7.0,7.0,7.0,8.0,7.0
10,0.8585640853017162,0.8585640853017162,0.0,0.0,0.8539092755152774,0.8539092755152773,0.9771672165539523,0.9771672165539521,0.9570925863638297,0.9569162554480013,0.8280044386498856,0.8281745183833419,5.611436991609399,5.610403162868124,2.4272963778294794,2.42779496684868,6.0,6.0,8.0,6.0,3.0,3.0,4.0,3.0
11,0.2458560085036212,0.2458560085036212,0.32969416631272064,0.32969416631272064,0.28506667308934125,0.28506667308934125,0.1761271762055808,0.17612717620558085,0.9999997491119712,0.9999997515001905,1.0593032305310983,1.059614732432173,0.8806356600869037,0.8806356621900555,0.9328604336944586,0.9331347534455536,5.0,5.0,6.0,5.0,5.0,5.0,6.0,5.0
12,1.0779148281158646,1.0779148281158646,1.0000751260205765,1.0000751260205765,0.9768521718751652,0.9768521718751653,1.2353446272856925,1.2353446272856925,0.9999784446375983,0.9999784582694348,0.9999909440568446,0.9999907829210191,22.23572398172209,22.235724284842373,11.118000960674733,11.117999169150249,18.0,18.0,22.0,18.0,9.0,9.0,11.0,9.0
13,0.2458560085036212,0.2458560085036212,0.0,0.0,0.2952412840783319,0.2952412840783319,0.18477076035912454,0.1847707603591246,0.9999999853219811,0.9999999853171895,4.998085299870006,4.998104955275282,0.9238537882352791,0.9238537882308527,4.61750010598372,4.617518264704612,5.0,5.0,6.0,5.0,5.0,5.0,6.0,5.0
14,0.5529271318237453,0.5529271318237453,1.0102051443364382,1.0102051443364382,0.7499077473028353,0.7499077473028354,0.7823688342991966,0.7823688342991968,0.999999985315862,0.9999999853171895,6.051839852564176,6.051807305787641,9.388425873729416,9.38842587374188,28.408625344896336,28.408472563394636,12.0,12.0,14.0,12.0,6.0,6.0,7.0,6.0
15,0.5529271318237453,0.5529271318237453,0.8329662029811903,0.8329662029811903,0.675018327619112,0.6750183276191121,0.655495455887377,0.6554954558873772,0.03590333534866725,0.035189322178396834,0.0,0.0,0.32948262441152826,0.3229301709717444,0.0,0.0,14.0,14.0,15.0,14.0,7.0,7.0,8.0,7.0
16,0.5820103286102788,0.5820103286102788,0.7495923082055115,0.7495923082055115,0.6413352586608481,0.6413352586608481,0.6020885784870856,0.6020885784870856,0.9999589071701948,0.9999602437417445,1.0725421965982012,1.072845358960919,43.34859626137936,43.3486542022608,7.749184878206727,7.751375245358963,72.0,72.0,85.0,72.0,12.0,12.0,14.0,12.0
17,0.8585640853017162,0.8585640853017162,0.32969416631272064,0.32969416631272064,0.6033505991703498,0.6033505991703498,0.5445835006919281,0.5445835006919281,0.02190656777938163,0.02187452955008726,1.014850900775147e-09,1.0230909185064642e-09,0.07157973221664388,0.07147504727025328,1.6580131686734583e-09,1.671475301779111e-09,6.0,6.0,12.0,6.0,3.0,3.0,6.0,3.0
18,0.5820103286102788,0.5820103286102788,0.6110545357588684,0.6110545357588684,0.566266980749382,0.566266980749382,0.4912263147601589,0.4912263147601589,0.0,0.0,0.0,0.0,0.0,0.0,0.0,0.0,8.0,8.0,9.0,8.0,8.0,8.0,9.0,8.0
19,0.2458560085036212,0.2458560085036212,0.0,0.0,0.2952412840783319,0.2952412840783319,0.18477076035912454,0.1847707603591246,0.0,0.0,0.0,0.0,0.0,0.0,0.0,0.0,5.0,5.0,6.0,5.0,5.0,5.0,6.0,5.0
20,0.5820103286102788,0.5820103286102788,0.6110545357588684,0.6110545357588684,0.566266980749382,0.566266980749382,0.4912263147601589,0.4912263147601589,0.0,0.0,0.0,0.0,0.0,0.0,0.0,0.0,10.0,10.0,10.0,10.0,0.0,0.0,0.0,0.0
21,0.5820103286102788,0.5820103286102788,0.6110545357588684,0.6110545357588684,0.566266980749382,0.566266980749382,0.4912263147601589,0.4912263147601589,0.0,0.0,0.0,0.0,0.0,0.0,0.0,0.0,8.0,8.0,9.0,8.0,8.0,8.0,9.0,8.0
22,0.5529271318237453,0.5529271318237453,0.8329662029811903,0.8329662029811903,0.675018327619112,0.6750183276191121,0.655495455887377,0.6554954558873772,0.9999997829741955,0.9999999853171895,2.8366471957959725,2.8364269309342864,7.8659437635353795,7.86594535515434,11.156456080799583,11.155589785104025,12.0,12.0,12.0,12.0,6.0,6.0,6.0,6.0
23,0.5820103286102788,0.5820103286102788,0.0,0.0,0.6377975478190484,0.6377975478190484,0.5966109652195143,0.5966109652195143,0.9999999853237593,0.9999999853171895,0.0,0.0,4.772887651708065,4.772887651676708,0.0,0.0,8.0,8.0,10.0,8.0,8.0,8.0,10.0,8.0
24,0.0,0.0,0.32969416631272064,0.32969416631272064,0.4282421524603594,0.4282421524603594,0.31680075678789243,0.31680075678789243,0.9999999629749527,0.9999999629783329,1.0584678593878154,1.0578835691512283,0.31680074505832945,0.3168007450594003,0.33532341888972045,0.33513831530058585,1.0,1.0,2.0,1.0,1.0,1.0,2.0,1.0
25,0.6092116291186935,0.6092116291186935,1.0000751260205765,1.0000751260205765,0.7603967532800757,0.7603967532800757,0.8010342440884002,0.8010342440884002,0.0,0.0,0.0,0.0,0.0,0.0,0.0,0.0,18.0,18.0,21.0,18.0,9.0,9.0,10.0,9.0
26,0.0,0.0,0.32969416631272064,0.32969416631272064,0.4282421524603594,0.4282421524603594,0.31680075678789243,0.31680075678789243,2.267640842049246e-06,2.1895564179425346e-06,0.0,0.0,2.873561339537339e-06,2.7746125209359275e-06,0.0,0.0,4.0,4.0,5.0,4.0,4.0,4.0,5.0,4.0
27,0.44835937879017584,0.44835937879017584,0.0,0.0,0.5112064528510942,0.5112064528510942,0.4170768383712923,0.4170768383712923,0.9999999853243804,0.9999999853171895,4.55424932857734,4.555860979505061,5.004921987005176,5.004921986969186,11.396831466705706,11.400864560346658,12.0,12.0,14.0,12.0,6.0,6.0,7.0,6.0
28,0.0,0.0,0.0,0.0,0.0,0.0,0.018119424312004306,0.018119424312004313,0.007703814097074139,0.007592280254835246,0.0,0.0,0.0002791773528913733,0.0002751354948660241,0.0,0.0,2.0,2.0,2.0,2.0,2.0,2.0,2.0,2.0
29,0.0,0.0,0.32969416631272064,0.32969416631272064,0.4282421524603594,0.4282421524603594,0.31680075678789243,0.31680075678789243,0.9999999853230194,0.9999999853171895,5.8470828931270695,5.846721580351758,0.31680075213821385,0.31680075213636694,1.8523602855441952,1.8522458213835395,1.0,1.0,2.0,1.0,1.0,1.0,2.0,1.0
30,0.0,0.0,0.0,0.0,0.0,0.0,0.018119424312004306,0.018119424312004313,0.9999999721010105,0.9999999721138433,3.9997354274806693,3.9997441863261116,0.01811942380649068,0.018119423806723208,0.07247290334627818,0.07247306205151526,1.0,1.0,2.0,1.0,1.0,1.0,2.0,1.0
31,0.0,0.0,0.32969416631272064,0.32969416631272064,0.4282421524603594,0.4282421524603594,0.31680075678789243,0.31680075678789243,0.9999999853173387,0.9999999853171895,6.004118185029222,6.004147267715372,0.6336015042728285,0.6336015042727339,3.8042183697224097,3.8042367965563733,2.0,2.0,2.0,2.0,2.0,2.0,2.0,2.0
32,0.8585640853017162,0.8585640853017162,0.0,0.0,0.8539092755152774,0.8539092755152773,0.9771672165539523,0.9771672165539521,0.9999999853044897,0.9999999853171895,5.988341133825873,5.988439195736051,0.9771672021939815,0.977167202206391,5.851610637516168,5.851706460399985,1.0,1.0,2.0,1.0,1.0,1.0,2.0,1.0
33,0.0,0.0,0.32969416631272064,0.32969416631272064,0.4282421524603594,0.4282421524603594,0.31680075678789243,0.31680075678789243,0.9999999853209035,0.9999999853171895,3.9825188570617422,3.982561984278086,0.6336015042750871,0.6336015042727339,2.5233299756784247,2.5233573011479766,2.0,2.0,2.0,2.0,2.0,2.0,2.0,2.0
34,0.0,0.0,0.32969416631272064,0.32969416631272064,0.4282421524603594,0.4282421524603594,0.31680075678789243,0.31680075678789243,0.9999999853196629,0.9999999853171895,2.9998522296068737,2.9998528114431244,0.6336015042743011,0.6336015042727339,1.900710913182608,1.9007112818349372,2.0,2.0,2.0,2.0,2.0,2.0,2.0,2.0
35,0.8585640853017162,0.8585640853017162,0.0,0.0,0.8539092755152774,0.8539092755152773,0.9771672165539523,0.9771672165539521,0.999999985317531,0.9999999853171895,2.7879664833246016,2.7878999093542873,0.9771672022067249,0.977167202206391,2.7243094483560117,2.7242443944547445,1.0,1.0,2.0,1.0,1.0,1.0,2.0,1.0
36,0.2458560085036212,0.2458560085036212,0.0,0.0,0.2952412840783319,0.2952412840783319,0.18477076035912454,0.1847707603591246,0.9999999850327114,0.9999999850271322,0.9999731526996745,0.9999732512448234,0.3695415151872145,0.3695415151851528,0.36953159952605963,0.3695316359425839,2.0,2.0,3.0,2.0,2.0,2.0,3.0,2.0
37,0.8585640853017162,0.8585640853017162,0.0,0.0,0.8539092755152774,0.8539092755152773,0.9771672165539523,0.9771672165539521,0.9999991212054998,0.9999991206114882,0.4961926512066827,0.4951065922947899,0.9771663578247767,0.9771663572443278,0.48486319185416027,0.48380193069021227,1.0,1.0,2.0,1.0,1.0,1.0,2.0,1.0
