ID,WR,C,ES,EDQ,Floors,Building_type,StatisticalUnit,Residents,LivingArea,Area_house,Shape_Length,Shape_Area,Sensitivity,CopingCapacity,SVI,SVPF,R,R_G,HMA,HWB,PFRMA,PFRWB,PFRMA_smoothed,PFRWB_smoothed
1,1.0,1.0,0.0,0.0,1.0,1.0,1.0,250.0,9000.0,221.77581864293404,81.04227921448135,221.775818642934,0.2458560085036212,0.32969416631272064,0.28506667308934125,0.17612717620558085,6.160439406748168,6.160439406748168,0.9999999853171895,6.925006359398269,1.0850207809649837,7.513775918585137,1.0850207809649837,7.513775918585137
2,1.0,1.0,0.0,0.0,1.0,1.0,1.0,250.0,9000.0,214.24180163838088,60.826950295798326,214.24180163838085,0.2458560085036212,0.32969416631272064,0.28506667308934125,0.17612717620558085,5.9511611566216915,5.9511611566216915,0.9999999853171895,2.1752840886303644,1.0481611942701645,2.280048401693208,1.0481611942701645,2.280048401693208
3,2.0,2.0,1.0,1.0,2.0,1.0,1.0,250.0,9000.0,359.23948872887297,55.33395534353165,179.6197443644365,0.5529271318237453,0.7543993994981303,0.6342166492532698,0.5910919732737832,9.978874686913137,4.989437343456569,1.3576517923231472e-14,1.8580870225578502e-30,8.008017767428064e-14,5.4799006542795264e-30,8.008017767428064e-14,5.4799006542795264e-30
4,0.0,1.0,1.0,0.0,2.0,2.0,1.0,250.0,9000.0,372.7703313519197,119.03619964697545,372.77033135191965,0.5820103286102788,0.0,0.6377975478190484,0.5966109652195143,10.354731426442214,0.0,0.13740792659850348,0.010125566722337739,0.8488713116348687,0.0,0.8488713116348687,0.0
5,1.0,1.0,1.0,0.0,1.0,1.0,1.0,250.0,9000.0,209.2325377783438,60.5976164441301,209.2325377783438,0.5820103286102788,0.32969416631272064,0.44253675229546224,0.3330965395156005,5.812014938287328,5.812014938287328,4.5315321960103304e-12,0.0,8.772874421260811e-12,0.0,8.772874421260811e-12,0.0
6,1.0,1.0,1.0,0.0,1.0,1.0,1.0,250.0,9000.0,250.03402577132545,63.57384507034065,250.03402577132542,0.5820103286102788,0.32969416631272064,0.44253675229546224,0.3330965395156005,6.945389604759041,6.945389604759041,0.9981124036277378,0.0,2.309118316581018,0.0,2.309118316581018,0.0
7,4.0,3.0,2.0,1.0,2.0,1.0,1.0,250.0,9000.0,667.5790150249866,88.0610939031796,333.78950751249334,1.113151645228661,1.0000751260205765,0.9928902853786516,1.2712533103360564,18.543861528471847,9.271930764235924,0.9226568754700376,0.0,21.75066276326895,0.0,21.75066276326895,0.0
8,1.0,0.0,0.0,0.0,1.0,1.0,1.0,250.0,9000.0,209.22876636557166,60.597331970160965,209.22876636557166,0.0,0.32969416631272064,0.4282421524603594,0.31680075678789243,5.811910176821435,5.811910176821435,0.8415205693634866,0.0,1.5494224346027268,0.0,1.5494224346027268,0.0
9,2.0,0.0,1.0,0.0,1.0,1.0,1.0,250.0,9000.0,300.28637303678033,79.30836313121648,300.2863730367804,0.8585640853017162,0.6110545357588684,0.6881266717583212,0.6768930164017046,8.341288139910565,8.341288139910565,0.0,0.0,0.0,0.0,0.0,0.0
10,0.0,0.0,1.0,0.0,2.0,1.0,1.0,250.0,9000.0,285.748720774733,50.255548422251266,142.87436038736647,0.8585640853017162,0.0,0.8539092755152773,0.9771672165539521,7.937464465964805,3.9687322329824024,0.9569162554480013,0.8281745183833419,7.422062624167048,3.2117560466682664,7.422062624167048,3.2117560466682664
11,1.0,1.0,0.0,0.0,1.0,1.0,1.0,250.0,9000.0,213.69162596550265,62.068769842962006,213.69162596550265,0.2458560085036212,0.32969416631272064,0.28506667308934125,0.17612717620558085,5.93587849904174,5.93587849904174,0.9999997515001905,1.059614732432173,1.0454692585366672,1.1077949039372155,1.0454692585366672,1.1077949039372155
12,4.0,2.0,2.0,1.0,2.0,1.0,1.0,250.0,9000.0,784.1726864144085,94.08279457313904,392.08634320720427,1.0779148281158646,1.0000751260205765,0.9768521718751653,1.2353446272856925,21.78257462262246,10.89128731131123,0.9999784582694348,0.9999907829210191,26.908406862368746,13.454369253126098,26.908406862368746,13.454369253126098
13,0.0,1.0,0.0,0.0,1.0,1.0,1.0,250.0,9000.0,221.8878914706659,81.04237563086788,221.8878914706659,0.2458560085036212,0.0,0.2952412840783319,0.1847707603591246,6.16355254085183,6.16355254085183,0.9999999853171895,4.931423698481265,1.1388442727651722,5.616123718054313,1.1388442727651722,5.616123718054313
14,0.0,2.0,1.0,1.0,2.0,1.0,1.0,250.0,9000.0,496.6343398349313,65.17107060604478,248.3171699174657,0.5529271318237453,1.0102051443364382,0.7499077473028354,0.7823688342991968,13.795398328748092,6.897699164374046,0.9999999853171895,6.051807305787641,10.793089550682842,32.65884957694504,10.793089550682842,32.65884957694504
15,3.0,2.0,1.0,0.0,2.0,1.0,1.0,250.0,9000.0,548.7500737320954,67.03327990713709,274.3750368660477,0.5529271318237453,0.8329662029811903,0.6750183276191121,0.6554954558873772,15.243057603669318,7.621528801834659,0.035189322178396834,0.0,0.3516030855775058,0.0,0.3516030855775058,0.0
16,1.0,1.0,1.0,1.0,6.0,1.0,1.0,250.0,9000.0,3062.0458063091155,111.67233419009924,510.3409677181858,0.5820103286102788,0.7495923082055115,0.6413352586608481,0.6020885784870856,85.05682795303099,14.176137992171832,0.9999602437417445,1.072845358960919,51.209708645515704,9.15704709227612,51.209708645515704,9.15704709227612
17,1.0,0.0,1.0,0.0,2.0,1.0,1.0,250.0,9000.0,422.3098312476999,58.821702974437386,211.15491562384992,0.8585640853017162,0.32969416631272064,0.6033505991703498,0.5445835006919281,11.730828645769442,5.865414322884721,0.0011448309034306629,2.9751770572056626e-13,0.007313655751586732,9.503333955790157e-13,0.007313655751586732,9.503333955790157e-13
18,2.0,1.0,1.0,0.0,1.0,1.0,1.0,250.0,9000.0,313.83237277251135,82.58910170327408,313.8323727725113,0.5820103286102788,0.6110545357588684,0.566266980749382,0.4912263147601589,8.717565910347536,8.717565910347536,0.0,0.0,0.0,0.0,0.0,0.0
19,0.0,1.0,0.0,0.0,1.0,1.0,1.0,250.0,9000.0,211.32109912696234,58.841301503937984,211.32109912696234,0.2458560085036212,0.0,0.2952412840783319,0.1847707603591246,5.870030531304509,5.870030531304509,0.0,0.0,0.0,0.0,0.0,0.0
20,2.0,1.0,1.0,0.0,2.0,2.0,1.0,250.0,9000.0,364.8977941026138,101.63621728550953,364.89779410261383,0.5820103286102788,0.6110545357588684,0.566266980749382,0.4912263147601589,10.136049836183716,0.0,0.0,0.0,0.0,0.0,0.0,0.0
21,2.0,1.0,1.0,0.0,1.0,1.0,1.0,250.0,9000.0,335.18112460731027,75.88737980985786,335.18112460731027,0.5820103286102788,0.6110545357588684,0.566266980749382,0.4912263147601589,9.310586794647506,9.310586794647506,0.0,0.0,0.0,0.0,0.0,0.0
22,3.0,2.0,1.0,0.0,2.0,1.0,1.0,250.0,9000.0,428.0682423338029,60.812138654757725,214.03412116690149,0.5529271318237453,0.8329662029811903,0.6750183276191121,0.6554954558873772,11.890784509272303,5.945392254636151,0.9999999853171895,2.368904489476599,7.79435509832097,9.232041528045999,7.79435509832097,9.232041528045999
23,0.0,1.0,1.0,0.0,1.0,1.0,1.0,250.0,9000.0,343.078026312064,74.08874426274312,343.078026312064,0.5820103286102788,0.0,0.6377975478190484,0.5966109652195143,9.529945175335113,9.529945175335113,0.9999999853171895,0.0,5.6856697060641235,0.0,5.6856697060641235,0.0
24,1.0,0.0,0.0,0.0,1.0,1.0,1.0,250.0,9000.0,63.54501230890873,34.64188654545703,63.54501230890874,0.0,0.32969416631272064,0.4282421524603594,0.31680075678789243,1.7651392308030203,1.7651392308030203,0.9999999629783329,1.0578835691512283,0.5591974234519737,0.5915657880822962,0.5591974234519737,0.5915657880822962
25,4.0,3.0,0.0,1.0,2.0,1.0,1.0,250.0,9000.0,739.1420744643876,87.08135758984974,369.5710372321938,0.6092116291186935,1.0000751260205765,0.7603967532800757,0.8010342440884002,20.531724290677435,10.265862145338717,0.0,0.0,0.0,0.0,0.0,0.0
26,1.0,0.0,0.0,0.0,1.0,1.0,1.0,250.0,9000.0,183.83392906028018,55.82019616626559,183.8339290602802,0.0,0.32969416631272064,0.4282421524603594,0.31680075678789243,5.1064980294522275,5.1064980294522275,2.1895564179425346e-06,0.0,3.542138342663198e-06,0.0,3.542138342663198e-06,0.0
27,0.0,2.0,0.0,0.0,2.0,1.0,1.0,250.0,9000.0,493.81640470695953,68.30588414197805,246.9082023534798,0.44835937879017584,0.0,0.5112064528510942,0.4170768383712923,13.7171223529711,6.85856117648555,0.9999999853171895,4.555860979505061,5.721093938527628,13.032254508660598,5.721093938527628,13.032254508660598
28,0.0,0.0,0.0,0.0,1.0,1.0,1.0,250.0,9000.0,89.47940373235755,38.31917115146303,89.47940373235755,0.0,0.0,0.0,0.018119424312004313,2.4855389925654876,2.4855389925654876,0.0075922802548353,0.0,0.00034193000036415467,0.0,0.00034193000036415467,0.0
29,1.0,0.0,0.0,0.0,1.0,1.0,1.0,250.0,9000.0,70.24798668847728,33.53054303863336,70.24798668847727,0.0,0.32969416631272064,0.4282421524603594,0.31680075678789243,1.9513329635688133,1.9513329635688133,0.9999999853171895,5.846721580351758,0.618183750527086,3.6143483278982926,0.618183750527086,3.6143483278982926
30,0.0,0.0,0.0,0.0,1.0,1.0,1.0,250.0,9000.0,72.01915251619934,35.72912841465741,72.01915251619933,0.0,0.0,0.0,0.018119424312004313,2.0005320143388707,2.0005320143388707,0.9999999721138433,3.9997441863261116,0.036248487406723665,0.1449846808112238,0.036248487406723665,0.1449846808112238
31,1.0,0.0,0.0,0.0,1.0,1.0,1.0,250.0,9000.0,75.46451474545644,39.73551256603374,75.46451474545643,0.0,0.32969416631272064,0.4282421524603594,0.31680075678789243,2.0962365207071234,2.0962365207071234,0.9999999853171895,6.004147267715372,0.6640893064157377,3.9872900531796724,0.6640893064157377,3.9872900531796724
32,0.0,0.0,1.0,0.0,1.0,1.0,1.0,250.0,9000.0,67.43609215661331,33.16038960342512,67.43609215661333,0.8585640853017162,0.0,0.8539092755152773,0.9771672165539521,1.8732247821281476,1.8732247821281476,0.9999999853171895,5.988439195736051,1.8304538194558384,10.961561559360636,1.8304538194558384,10.961561559360636
33,1.0,0.0,0.0,0.0,1.0,1.0,1.0,250.0,9000.0,85.33471341050713,37.1863823276886,85.33471341050713,0.0,0.32969416631272064,0.4282421524603594,0.31680075678789243,2.3704087058474204,2.3704087058474204,0.9999999853171895,3.982561984278086,0.750947260883055,2.9906940573024072,0.750947260883055,2.9906940573024072
34,1.0,0.0,0.0,0.0,1.0,1.0,1.0,250.0,9000.0,80.41484048523759,36.08327341590223,80.41484048523759,0.0,0.32969416631272064,0.4282421524603594,0.31680075678789243,2.2337455690343773,2.2337455690343773,0.9999999853171895,2.9998528114431244,0.7076522763513676,2.122852701906221,0.7076522763513676,2.122852701906221
35,0.0,0.0,1.0,0.0,1.0,1.0,2.0,350.0,10000.0,60.411871870214924,31.584504517209997,60.41187187021492,0.8585640853017162,0.0,0.8539092755152773,0.9771672165539521,2.114415515457522,2.114415515457522,0.9999999853171895,2.7878999093542873,2.066137493541411,5.760184615533293,2.066137493541411,5.760184615533293
36,0.0,1.0,0.0,0.0,1.0,1.0,2.0,350.0,10000.0,79.3427766748431,36.17034866178542,79.34277667484311,0.2458560085036212,0.0,0.2952412840783319,0.1847707603591246,2.776997183619508,2.776997183619508,0.9999999850271322,0.9999732512448234,0.5131078734498276,0.5130941561354324,0.5131078734498276,0.5130941561354324
37,0.0,0.0,1.0,0.0,1.0,1.0,1.0,250.0,9000.0,73.34831784114647,34.32721677372037,73.34831784114647,0.8585640853017162,0.0,0.8539092755152773,0.9771672165539521,2.0374532733651796,2.0374532733651796,0.9999991206114882,0.49510659229478965,1.9909307931897842,0.9857238273451662,1.9909307931897842,0.9857238273451662
