ID,WR,C,ES,EDQ,Floors,Building_type,StatisticalUnit,Residents,LivingArea,Area_house,Shape_Length,Shape_Area,Sensitivity,CopingCapacity,SVI,SVPF,HMA,HWB,RB,RBG,R,R_G,PFRMA,PFRWB
1,1.0,1.0,0.0,0.0,1.0,1.0,1.0,250.0,9000.0,221.775818642934,81.04227921448135,221.775818642934,0.2458560085036212,0.32969416631272064,0.28506667308934125,0.17612717620558085,0.9999999853171895,6.925006359398269,5.0,5.0,5.0,5.0,0.8806358680976945,6.098409076432534
2,1.0,1.0,0.0,0.0,1.0,1.0,1.0,250.0,9000.0,214.24180163838085,60.826950295798326,214.24180163838085,0.2458560085036212,0.32969416631272064,0.28506667308934125,0.17612717620558085,0.9999999853171895,2.1752840886303644,5.0,5.0,5.0,5.0,0.8806358680976945,1.9156332198769828
3,2.0,2.0,1.0,1.0,2.0,1.0,1.0,250.0,9000.0,359.239488728873,55.33395534353165,179.6197443644365,0.5529271318237453,0.7543993994981303,0.6342166492532698,0.5910919732737832,1.3576517923231472e-14,1.8580870225578502e-30,10.0,5.0,10.0,5.0,8.024970769429775e-14,5.49150162339064e-30
4,0.0,1.0,1.0,0.0,2.0,2.0,1.0,250.0,9000.0,372.77033135191965,119.03619964697545,372.77033135191965,0.5820103286102788,0.0,0.6377975478190484,0.5966109652195143,0.13740792659850348,0.010125566722337739,8.0,0.0,8.0,0.0,0.6558326057339626,0.0
5,1.0,1.0,1.0,0.0,1.0,1.0,1.0,250.0,9000.0,209.2325377783438,60.5976164441301,209.2325377783438,0.5820103286102788,0.32969416631272064,0.44253675229546224,0.3330965395156005,4.5315321960103304e-12,0.0,5.0,5.0,5.0,5.0,7.547188465972854e-12,0.0
6,1.0,1.0,1.0,0.0,1.0,1.0,1.0,250.0,9000.0,250.03402577132542,63.57384507034065,250.03402577132542,0.5820103286102788,0.32969416631272064,0.44253675229546224,0.3330965395156005,0.9981124036277378,0.0,6.0,6.0,6.0,6.0,1.9948067261759863,0.0
7,4.0,3.0,2.0,1.0,2.0,1.0,1.0,250.0,9000.0,667.5790150249867,88.0610939031796,333.78950751249334,1.113151645228661,1.0000751260205765,0.9928902853786516,1.2712533103360564,0.9226568754700376,0.0,20.0,10.0,20.0,10.0,23.458612144912156,0.0
8,1.0,0.0,0.0,0.0,1.0,1.0,1.0,250.0,9000.0,209.22876636557166,60.597331970160965,209.22876636557166,0.0,0.32969416631272064,0.4282421524603594,0.31680075678789243,0.8415205693634866,0.0,5.0,5.0,5.0,5.0,1.3329717661346536,0.0
9,2.0,0.0,1.0,0.0,1.0,1.0,1.0,250.0,9000.0,300.2863730367804,79.30836313121648,300.2863730367804,0.8585640853017162,0.6110545357588684,0.6881266717583212,0.6768930164017046,0.0,0.0,7.0,7.0,7.0,7.0,0.0,0.0
10,0.0,0.0,1.0,0.0,2.0,1.0,1.0,250.0,9000.0,285.74872077473293,50.255548422251266,142.87436038736647,0.8585640853017162,0.0,0.8539092755152773,0.9771672165539521,0.9569162554480013,0.8281745183833419,6.0,3.0,6.0,3.0,5.610403162868124,2.42779496684868
11,1.0,1.0,0.0,0.0,1.0,1.0,1.0,250.0,9000.0,213.69162596550265,62.068769842962006,213.69162596550265,0.2458560085036212,0.32969416631272064,0.28506667308934125,0.17612717620558085,0.9999997515001905,1.059614732432173,5.0,5.0,5.0,5.0,0.8806356621900555,0.9331347534455536
12,4.0,2.0,2.0,1.0,2.0,1.0,1.0,250.0,9000.0,784.1726864144085,94.08279457313904,392.08634320720427,1.0779148281158646,1.0000751260205765,0.9768521718751653,1.2353446272856925,0.9999784582694348,0.9999907829210191,18.0,9.0,18.0,9.0,22.235724284842373,11.117999169150249
13,0.0,1.0,0.0,0.0,1.0,1.0,1.0,250.0,9000.0,221.8878914706659,81.04237563086788,221.8878914706659,0.2458560085036212,0.0,0.2952412840783319,0.1847707603591246,0.9999999853171895,4.931423698481265,5.0,5.0,5.0,5.0,0.9238537882308527,4.555914532106949
14,0.0,2.0,1.0,1.0,2.0,1.0,1.0,250.0,9000.0,496.6343398349314,65.17107060604478,248.3171699174657,0.5529271318237453,1.0102051443364382,0.7499077473028354,0.7823688342991968,0.9999999853171895,6.051807305787641,12.0,6.0,12.0,6.0,9.38842587374188,28.408472563394636
15,3.0,2.0,1.0,0.0,2.0,1.0,1.0,250.0,9000.0,548.7500737320954,67.03327990713709,274.3750368660477,0.5529271318237453,0.8329662029811903,0.6750183276191121,0.6554954558873772,0.035189322178396834,0.0,14.0,7.0,14.0,7.0,0.3229301709717444,0.0
16,1.0,1.0,1.0,1.0,6.0,1.0,1.0,250.0,9000.0,3062.045806309115,111.67233419009924,510.3409677181858,0.5820103286102788,0.7495923082055115,0.6413352586608481,0.6020885784870856,0.9999602437417445,1.072845358960919,72.0,12.0,72.0,12.0,43.3486542022608,7.751375245358963
17,1.0,0.0,1.0,0.0,2.0,1.0,1.0,250.0,9000.0,422.30983124769983,58.821702974437386,211.15491562384992,0.8585640853017162,0.32969416631272064,0.6033505991703498,0.5445835006919281,0.0011448309034306629,2.9751770572056626e-13,6.0,3.0,6.0,3.0,0.0037407361265434378,4.860697010974105e-13
18,2.0,1.0,1.0,0.0,1.0,1.0,1.0,250.0,9000.0,313.8323727725113,82.58910170327408,313.8323727725113,0.5820103286102788,0.6110545357588684,0.566266980749382,0.4912263147601589,0.0,0.0,8.0,8.0,8.0,8.0,0.0,0.0
19,0.0,1.0,0.0,0.0,1.0,1.0,1.0,250.0,9000.0,211.32109912696234,58.841301503937984,211.32109912696234,0.2458560085036212,0.0,0.2952412840783319,0.1847707603591246,0.0,0.0,5.0,5.0,5.0,5.0,0.0,0.0
20,2.0,1.0,1.0,0.0,2.0,2.0,1.0,250.0,9000.0,364.89779410261383,101.63621728550953,364.89779410261383,0.5820103286102788,0.6110545357588684,0.566266980749382,0.4912263147601589,0.0,0.0,10.0,0.0,10.0,0.0,0.0,0.0
21,2.0,1.0,1.0,0.0,1.0,1.0,1.0,250.0,9000.0,335.18112460731027,75.88737980985786,335.18112460731027,0.5820103286102788,0.6110545357588684,0.566266980749382,0.4912263147601589,0.0,0.0,8.0,8.0,8.0,8.0,0.0,0.0
22,3.0,2.0,1.0,0.0,2.0,1.0,1.0,250.0,9000.0,428.06824233380297,60.812138654757725,214.03412116690149,0.5529271318237453,0.8329662029811903,0.6750183276191121,0.6554954558873772,0.9999999853171895,2.368904489476599,12.0,6.0,12.0,6.0,7.86594535515434,9.316836769698707
23,0.0,1.0,1.0,0.0,1.0,1.0,1.0,250.0,9000.0,343.078026312064,74.08874426274312,343.078026312064,0.5820103286102788,0.0,0.6377975478190484,0.5966109652195143,0.9999999853171895,0.0,8.0,8.0,8.0,8.0,4.772887651676708,0.0
24,1.0,0.0,0.0,0.0,1.0,1.0,1.0,250.0,9000.0,63.54501230890874,34.64188654545703,63.54501230890874,0.0,0.32969416631272064,0.4282421524603594,0.31680075678789243,0.9999999629783329,1.0578835691512283,1.0,1.0,1.0,1.0,0.3168007450594003,0.33513831530058585
25,4.0,3.0,0.0,1.0,2.0,1.0,1.0,250.0,9000.0,739.1420744643876,87.08135758984974,369.5710372321938,0.6092116291186935,1.0000751260205765,0.7603967532800757,0.8010342440884002,0.0,0.0,18.0,9.0,18.0,9.0,0.0,0.0
26,1.0,0.0,0.0,0.0,1.0,1.0,1.0,250.0,9000.0,183.8339290602802,55.82019616626559,183.8339290602802,0.0,0.32969416631272064,0.4282421524603594,0.31680075678789243,2.1895564179425346e-06,0.0,4.0,4.0,4.0,4.0,2.7746125209359275e-06,0.0
27,0.0,2.0,0.0,0.0,2.0,1.0,1.0,250.0,9000.0,493.8164047069596,68.30588414197805,246.9082023534798,0.44835937879017584,0.0,0.5112064528510942,0.4170768383712923,0.9999999853171895,4.555860979505061,12.0,6.0,12.0,6.0,5.004921986969186,11.400864560346658
28,0.0,0.0,0.0,0.0,1.0,1.0,1.0,250.0,9000.0,89.47940373235755,38.31917115146303,89.47940373235755,0.0,0.0,0.0,0.018119424312004313,0.0075922802548353,0.0,2.0,2.0,2.0,2.0,0.00027513549486602606,0.0
29,1.0,0.0,0.0,0.0,1.0,1.0,1.0,250.0,9000.0,70.24798668847727,33.53054303863336,70.24798668847727,0.0,0.32969416631272064,0.4282421524603594,0.31680075678789243,0.9999999853171895,5.846721580351758,1.0,1.0,1.0,1.0,0.31680075213636694,1.8522458213835395
30,0.0,0.0,0.0,0.0,1.0,1.0,1.0,250.0,9000.0,72.01915251619933,35.72912841465741,72.01915251619933,0.0,0.0,0.0,0.018119424312004313,0.9999999721138433,3.9997441863261116,1.0,1.0,1.0,1.0,0.018119423806723208,0.07247306205151526
31,1.0,0.0,0.0,0.0,1.0,1.0,1.0,250.0,9000.0,75.46451474545643,39.73551256603374,75.46451474545643,0.0,0.32969416631272064,0.4282421524603594,0.31680075678789243,0.9999999853171895,6.004147267715372,2.0,2.0,2.0,2.0,0.6336015042727339,3.8042367965563733
32,0.0,0.0,1.0,0.0,1.0,1.0,1.0,250.0,9000.0,67.43609215661333,33.16038960342512,67.43609215661333,0.8585640853017162,0.0,0.8539092755152773,0.9771672165539521,0.9999999853171895,5.988439195736051,1.0,1.0,1.0,1.0,0.977167202206391,5.851706460399985
33,1.0,0.0,0.0,0.0,1.0,1.0,1.0,250.0,9000.0,85.33471341050713,37.1863823276886,85.33471341050713,0.0,0.32969416631272064,0.4282421524603594,0.31680075678789243,0.9999999853171895,3.982561984278086,2.0,2.0,2.0,2.0,0.6336015042727339,2.5233573011479766
34,1.0,0.0,0.0,0.0,1.0,1.0,1.0,250.0,9000.0,80.41484048523759,36.08327341590223,80.41484048523759,0.0,0.32969416631272064,0.4282421524603594,0.31680075678789243,0.9999999853171895,2.9998528114431244,2.0,2.0,2.0,2.0,0.6336015042727339,1.9007112818349372
35,0.0,0.0,1.0,0.0,1.0,1.0,2.0,350.0,10000.0,60.41187187021492,31.584504517209997,60.41187187021492,0.8585640853017162,0.0,0.8539092755152773,0.9771672165539521,0.9999999853171895,2.7878999093542873,1.0,1.0,1.0,1.0,0.977167202206391,2.7242443944547445
36,0.0,1.0,0.0,0.0,1.0,1.0,2.0,350.0,10000.0,79.34277667484311,36.17034866178542,79.34277667484311,0.2458560085036212,0.0,0.2952412840783319,0.1847707603591246,0.9999999850271322,0.9999732512448234,2.0,2.0,2.0,2.0,0.3695415151851528,0.3695316359425839
37,0.0,0.0,1.0,0.0,1.0,1.0,1.0,250.0,9000.0,73.34831784114647,34.32721677372037,73.34831784114647,0.8585640853017162,0.0,0.8539092755152773,0.9771672165539521,0.9999991206114882,0.49510659229478965,1.0,1.0,1.0,1.0,0.9771663572443278,0.483801930690212
