ID,depth_cm,ring_rule,fraction_ours,fraction_authors
1,30,own footprint,63.95838464448465,91.76339596063582
2,30,own footprint,57.41275165048228,78.60813825964735
3,30,own footprint,1.4424035536769515,2.0018656015508998
4,30,own footprint,13.991637804182282,17.14621238093904
5,30,own footprint,0.0,0.0
6,30,own footprint,0.0,0.0
7,30,own footprint,0.0,0.0
8,30,own footprint,0.0,0.0
9,30,own footprint,0.0,0.0
10,30,own footprint,31.677918065365628,31.67263366782133
11,30,own footprint,47.409801379016,47.37099779648514
12,30,own footprint,69.256542554943,69.27355725486876
13,30,own footprint,51.032077256194086,73.89489678477055
14,30,own footprint,89.72089046832053,89.70651660974647
15,30,own footprint,0.0,0.0
16,30,own footprint,49.96640781180061,49.97305402170371
17,30,own footprint,4.130804131345756,5.584655925742153
18,30,own footprint,0.0,0.0
19,30,own footprint,0.0,0.0
20,30,own footprint,0.0,0.0
21,30,own footprint,0.0,0.0
22,30,own footprint,69.19516788548474,95.08771847856019
23,30,own footprint,0.0,0.0
24,30,own footprint,93.97223488194061,93.99187093633238
25,30,own footprint,0.0,0.0
26,30,own footprint,0.0,0.0
27,30,own footprint,65.55125148080725,65.52083058553066
28,30,own footprint,0.0,0.0
29,30,own footprint,91.85781833838503,91.83576098329522
30,30,own footprint,92.36796003401146,92.36611856535616
31,30,own footprint,88.34475653188659,88.33225847050777
32,30,own footprint,76.51541969618467,76.50017553665708
33,30,own footprint,87.6943129468425,87.66781509483707
34,30,own footprint,88.17125721373738,88.15461166834582
35,30,own footprint,79.17853378972332,79.16036977363004
36,30,own footprint,67.9353787645507,67.9249435309687
37,30,own footprint,24.035872863935612,24.04634394459953
1,30,all footprints,91.76911231558577,91.76339596063582
2,30,all footprints,78.63732893459982,78.60813825964735
3,30,all footprints,2.0037612245089966,2.0018656015508998
4,30,all footprints,17.141886650979043,17.14621238093904
5,30,all footprints,0.0,0.0
6,30,all footprints,0.0,0.0
7,30,all footprints,0.0,0.0
8,30,all footprints,0.0,0.0
9,30,all footprints,0.0,0.0
10,30,all footprints,31.677918065365628,31.67263366782133
11,30,all footprints,47.40980137901602,47.37099779648514
12,30,all footprints,69.256542554943,69.27355725486876
13,30,all footprints,73.93859299519661,73.89489678477055
14,30,all footprints,89.72089046832053,89.70651660974647
15,30,all footprints,0.0,0.0
16,30,all footprints,49.96640781180061,49.97305402170371
17,30,all footprints,5.586491043491323,5.584655925742153
18,30,all footprints,0.0,0.0
19,30,all footprints,0.0,0.0
20,30,all footprints,0.0,0.0
21,30,all footprints,0.0,0.0
22,30,all footprints,95.12287506456477,95.08771847856019
23,30,all footprints,0.0,0.0
24,30,all footprints,93.97223488194064,93.99187093633238
25,30,all footprints,0.0,0.0
26,30,all footprints,0.0,0.0
27,30,all footprints,65.55125148080724,65.52083058553066
28,30,all footprints,0.0,0.0
29,30,all footprints,91.85781833838503,91.83576098329522
30,30,all footprints,92.36796003401146,92.36611856535616
31,30,all footprints,88.3447565318866,88.33225847050777
32,30,all footprints,76.51541969618465,76.50017553665708
33,30,all footprints,87.69431294684253,87.66781509483707
34,30,all footprints,88.1712572137374,88.15461166834582
35,30,all footprints,79.17853378972333,79.16036977363004
36,30,all footprints,67.93537876455069,67.9249435309687
37,30,all footprints,24.035872863935616,24.04634394459953
1,40,own footprint,63.95838464448465,91.7647683210291
2,40,own footprint,31.734385266097643,43.78424685149048
3,40,own footprint,0.0,0.0
4,40,own footprint,6.578740991286631,8.060369503728316
5,40,own footprint,0.0,0.0
6,40,own footprint,0.0,0.0
7,40,own footprint,0.0,0.0
8,40,own footprint,0.0,0.0
9,40,own footprint,0.0,0.0
10,40,own footprint,4.215358352768709,4.218761698841169
11,40,own footprint,17.116734816168556,17.107866968677044
12,40,own footprint,8.761955409992892,8.764285815193341
13,40,own footprint,51.032077256194086,73.89334941651404
14,40,own footprint,89.72089046832053,89.7068409364788
15,40,own footprint,0.0,0.0
16,40,own footprint,17.463892134661872,17.454450646351617
17,40,own footprint,0.0,0.0
18,40,own footprint,0.0,0.0
19,40,own footprint,0.0,0.0
20,40,own footprint,0.0,0.0
21,40,own footprint,0.0,0.0
22,40,own footprint,44.285279456744924,61.086526925832274
23,40,own footprint,0.0,0.0
24,40,own footprint,16.872382502854983,16.893592612520866
25,40,own footprint,0.0,0.0
26,40,own footprint,0.0,0.0
27,40,own footprint,56.677187643550695,56.66087270165971
28,40,own footprint,0.0,0.0
29,40,own footprint,91.85781833838503,91.83540282979635
30,40,own footprint,92.36796003401146,92.36540811146537
31,40,own footprint,88.34475653188659,88.3321202201173
32,40,own footprint,76.51541969618467,76.50014350004649
33,40,own footprint,79.35718667490065,79.33084910503331
34,40,own footprint,86.31960612965541,86.30138080222171
35,40,own footprint,50.000398802844344,49.99588454289993
36,40,own footprint,8.294443034089708,8.293050129233402
37,40,own footprint,16.862318867411368,16.876881091653452
1,40,all footprints,91.76911231558577,91.7647683210291
2,40,all footprints,43.76434432431879,43.78424685149048
3,40,all footprints,0.0,0.0
4,40,all footprints,8.059959381243837,8.060369503728316
5,40,all footprints,0.0,0.0
6,40,all footprints,0.0,0.0
7,40,all footprints,0.0,0.0
8,40,all footprints,0.0,0.0
9,40,all footprints,0.0,0.0
10,40,all footprints,4.215358352768709,4.218761698841169
11,40,all footprints,17.11673481616856,17.107866968677044
12,40,all footprints,8.761955409992892,8.764285815193341
13,40,all footprints,73.93859299519661,73.89334941651404
14,40,all footprints,89.72089046832053,89.7068409364788
15,40,all footprints,0.0,0.0
16,40,all footprints,17.463892134661872,17.454450646351617
17,40,all footprints,0.0,0.0
18,40,all footprints,0.0,0.0
19,40,all footprints,0.0,0.0
20,40,all footprints,0.0,0.0
21,40,all footprints,0.0,0.0
22,40,all footprints,61.07826295420856,61.086526925832274
23,40,all footprints,0.0,0.0
24,40,all footprints,16.872382502854983,16.893592612520866
25,40,all footprints,0.0,0.0
26,40,all footprints,0.0,0.0
27,40,all footprints,56.67718764355069,56.66087270165971
28,40,all footprints,0.0,0.0
29,40,all footprints,91.85781833838503,91.83540282979635
30,40,all footprints,92.36796003401146,92.36540811146537
31,40,all footprints,88.3447565318866,88.3321202201173
32,40,all footprints,76.51541969618465,76.50014350004649
33,40,all footprints,79.35718667490066,79.33084910503331
34,40,all footprints,86.31960612965544,86.30138080222171
35,40,all footprints,50.00039880284436,49.99588454289993
36,40,all footprints,8.294443034089708,8.293050129233402
37,40,all footprints,16.86231886741137,16.876881091653452
1,50,own footprint,63.95838464448465,91.76339691473339
2,50,own footprint,22.592664894385607,31.173420853816346
3,50,own footprint,0.0,0.0
4,50,own footprint,0.0,0.0
5,50,own footprint,0.0,0.0
6,50,own footprint,0.0,0.0
7,50,own footprint,0.0,0.0
8,50,own footprint,0.0,0.0
9,50,own footprint,0.0,0.0
10,50,own footprint,0.0,0.0
11,50,own footprint,0.0,0.0
12,50,own footprint,0.0,0.0
13,50,own footprint,51.032077256194086,73.89469607425049
14,50,own footprint,89.72089046832053,89.70651661113543
15,50,own footprint,0.0,0.0
16,50,own footprint,4.295345155236903,4.299152233103546
17,50,own footprint,0.0,0.0
18,50,own footprint,0.0,0.0
19,50,own footprint,0.0,0.0
20,50,own footprint,0.0,0.0
21,50,own footprint,0.0,0.0
22,50,own footprint,23.16217269242801,31.95239512212953
23,50,own footprint,0.0,0.0
24,50,own footprint,0.0,0.0
25,50,own footprint,0.0,0.0
26,50,own footprint,0.0,0.0
27,50,own footprint,51.53635296539524,51.51924010079677
28,50,own footprint,0.0,0.0
29,50,own footprint,91.85781833838503,91.83576098374971
30,50,own footprint,91.85345351213698,91.847268848076
31,50,own footprint,88.34475653188659,88.33212172017276
32,50,own footprint,76.51541969618467,76.50106832594722
33,50,own footprint,72.59259560424951,72.56634764241495
34,50,own footprint,61.81740092341607,61.80163347560587
35,50,own footprint,30.602216421246176,30.60407040168721
36,50,own footprint,0.0,0.0
37,50,own footprint,0.682191395573228,0.687401612739678
1,50,all footprints,91.76911231558577,91.76339691473339
2,50,all footprints,31.157155159962794,31.173420853816346
3,50,all footprints,0.0,0.0
4,50,all footprints,0.0,0.0
5,50,all footprints,0.0,0.0
6,50,all footprints,0.0,0.0
7,50,all footprints,0.0,0.0
8,50,all footprints,0.0,0.0
9,50,all footprints,0.0,0.0
10,50,all footprints,0.0,0.0
11,50,all footprints,0.0,0.0
12,50,all footprints,0.0,0.0
13,50,all footprints,73.93859299519661,73.89469607425049
14,50,all footprints,89.72089046832053,89.70651661113543
15,50,all footprints,0.0,0.0
16,50,all footprints,4.295345155236903,4.299152233103546
17,50,all footprints,0.0,0.0
18,50,all footprints,0.0,0.0
19,50,all footprints,0.0,0.0
20,50,all footprints,0.0,0.0
21,50,all footprints,0.0,0.0
22,50,all footprints,31.945271468382675,31.95239512212953
23,50,all footprints,0.0,0.0
24,50,all footprints,0.0,0.0
25,50,all footprints,0.0,0.0
26,50,all footprints,0.0,0.0
27,50,all footprints,51.536352965395224,51.51924010079677
28,50,all footprints,0.0,0.0
29,50,all footprints,91.85781833838503,91.83576098374971
30,50,all footprints,91.85345351213698,91.847268848076
31,50,all footprints,88.3447565318866,88.33212172017276
32,50,all footprints,76.51541969618465,76.50106832594722
33,50,all footprints,72.59259560424952,72.56634764241495
34,50,all footprints,61.81740092341607,61.80163347560587
35,50,all footprints,30.60221642124618,30.60407040168721
36,50,all footprints,0.0,0.0
37,50,all footprints,0.6821913955732282,0.687401612739678
1,60,own footprint,63.95838464448465,91.76431784614614
2,60,own footprint,12.579088226544268,17.358048570690347
3,60,own footprint,0.0,0.0
4,60,own footprint,0.0,0.0
5,60,own footprint,0.0,0.0
6,60,own footprint,0.0,0.0
7,60,own footprint,0.0,0.0
8,60,own footprint,0.0,0.0
9,60,own footprint,0.0,0.0
10,60,own footprint,0.0,0.0
11,60,own footprint,0.0,0.0
12,60,own footprint,0.0,0.0
13,60,own footprint,50.98302205933503,73.81956914540365
14,60,own footprint,89.72089046832053,89.7061567745802
15,60,own footprint,0.0,0.0
16,60,own footprint,0.0,0.0
17,60,own footprint,0.0,0.0
18,60,own footprint,0.0,0.0
19,60,own footprint,0.0,0.0
20,60,own footprint,0.0,0.0
21,60,own footprint,0.0,0.0
22,60,own footprint,0.0,0.0
23,60,own footprint,0.0,0.0
24,60,own footprint,0.0,0.0
25,60,own footprint,0.0,0.0
26,60,own footprint,0.0,0.0
27,60,own footprint,40.04719125527519,40.0306875997996
28,60,own footprint,0.0,0.0
29,60,own footprint,68.23499665710033,68.24663124992884
30,60,own footprint,56.20550097840374,56.1967897900911
31,60,own footprint,88.34475653188659,88.33161862244295
32,60,own footprint,76.51541969618467,76.50116414351879
33,60,own footprint,42.368079983896706,42.35750328210959
34,60,own footprint,0.11602871606268962,0.11630796577278366
35,60,own footprint,7.704752133822038,7.69562965141634
36,60,own footprint,0.0,0.0
37,60,own footprint,0.0,0.0
1,60,all footprints,91.76911231558577,91.76431784614614
2,60,all footprints,17.347603989058292,17.358048570690347
3,60,all footprints,0.0,0.0
4,60,all footprints,0.0,0.0
5,60,all footprints,0.0,0.0
6,60,all footprints,0.0,0.0
7,60,all footprints,0.0,0.0
8,60,all footprints,0.0,0.0
9,60,all footprints,0.0,0.0
10,60,all footprints,0.0,0.0
11,60,all footprints,0.0,0.0
12,60,all footprints,0.0,0.0
13,60,all footprints,73.86566338526046,73.81956914540365
14,60,all footprints,89.72089046832053,89.7061567745802
15,60,all footprints,0.0,0.0
16,60,all footprints,0.0,0.0
17,60,all footprints,0.0,0.0
18,60,all footprints,0.0,0.0
19,60,all footprints,0.0,0.0
20,60,all footprints,0.0,0.0
21,60,all footprints,0.0,0.0
22,60,all footprints,0.0,0.0
23,60,all footprints,0.0,0.0
24,60,all footprints,0.0,0.0
25,60,all footprints,0.0,0.0
26,60,all footprints,0.0,0.0
27,60,all footprints,40.04719125527518,40.0306875997996
28,60,all footprints,0.0,0.0
29,60,all footprints,68.23499665710034,68.24663124992884
30,60,all footprints,56.205500978403755,56.1967897900911
31,60,all footprints,88.3447565318866,88.33161862244295
32,60,all footprints,76.51541969618465,76.50116414351879
33,60,all footprints,42.36807998389672,42.35750328210959
34,60,all footprints,0.11602871606268962,0.11630796577278366
35,60,all footprints,7.704752133822039,7.69562965141634
36,60,all footprints,0.0,0.0
37,60,all footprints,0.0,0.0
1,70,own footprint,63.48069249249435,90.99825009392246
2,70,own footprint,0.8262668259816311,1.139760123628212
3,70,own footprint,0.0,0.0
4,70,own footprint,0.0,0.0
5,70,own footprint,0.0,0.0
6,70,own footprint,0.0,0.0
7,70,own footprint,0.0,0.0
8,70,own footprint,0.0,0.0
9,70,own footprint,0.0,0.0
10,70,own footprint,0.0,0.0
11,70,own footprint,0.0,0.0
12,70,own footprint,0.0,0.0
13,70,own footprint,36.88218493284853,51.575879402234435
14,70,own footprint,89.72089046832053,89.70685954420307
15,70,own footprint,0.0,0.0
16,70,own footprint,0.0,0.0
17,70,own footprint,0.0,0.0
18,70,own footprint,0.0,0.0
19,70,own footprint,0.0,0.0
20,70,own footprint,0.0,0.0
21,70,own footprint,0.0,0.0
22,70,own footprint,0.0,0.0
23,70,own footprint,0.0,0.0
24,70,own footprint,0.0,0.0
25,70,own footprint,0.0,0.0
26,70,own footprint,0.0,0.0
27,70,own footprint,25.860884086756965,25.842256706543136
28,70,own footprint,0.0,0.0
29,70,own footprint,49.085746669402816,49.09207431084917
30,70,own footprint,10.694025416880084,10.677863564389463
31,70,own footprint,76.29746659219582,76.28906896311234
32,70,own footprint,76.51541969618467,76.50298133301816
33,70,own footprint,6.476638226257986,6.483202971269882
34,70,own footprint,0.0,0.0
35,70,own footprint,0.0,0.0
36,70,own footprint,0.0,0.0
37,70,own footprint,0.0,0.0
1,70,all footprints,90.998496077463,90.99825009392246
2,70,all footprints,1.139490353218013,1.139760123628212
3,70,all footprints,0.0,0.0
4,70,all footprints,0.0,0.0
5,70,all footprints,0.0,0.0
6,70,all footprints,0.0,0.0
7,70,all footprints,0.0,0.0
8,70,all footprints,0.0,0.0
9,70,all footprints,0.0,0.0
10,70,all footprints,0.0,0.0
11,70,all footprints,0.0,0.0
12,70,all footprints,0.0,0.0
13,70,all footprints,51.61757179938115,51.575879402234435
14,70,all footprints,89.72089046832053,89.70685954420307
15,70,all footprints,0.0,0.0
16,70,all footprints,0.0,0.0
17,70,all footprints,0.0,0.0
18,70,all footprints,0.0,0.0
19,70,all footprints,0.0,0.0
20,70,all footprints,0.0,0.0
21,70,all footprints,0.0,0.0
22,70,all footprints,0.0,0.0
23,70,all footprints,0.0,0.0
24,70,all footprints,0.0,0.0
25,70,all footprints,0.0,0.0
26,70,all footprints,0.0,0.0
27,70,all footprints,25.860884086756958,25.842256706543136
28,70,all footprints,0.0,0.0
29,70,all footprints,49.08574666940283,49.09207431084917
30,70,all footprints,10.694025416880088,10.677863564389463
31,70,all footprints,76.29746659219583,76.28906896311234
32,70,all footprints,76.51541969618465,76.50298133301816
33,70,all footprints,6.476638226257987,6.483202971269882
34,70,all footprints,0.0,0.0
35,70,all footprints,0.0,0.0
36,70,all footprints,0.0,0.0
37,70,all footprints,0.0,0.0
1,80,own footprint,60.11525056940111,87.0570663856389
2,80,own footprint,0.0,0.0
3,80,own footprint,0.0,0.0
4,80,own footprint,0.0,0.0
5,80,own footprint,0.0,0.0
6,80,own footprint,0.0,0.0
7,80,own footprint,0.0,0.0
8,80,own footprint,0.0,0.0
9,80,own footprint,0.0,0.0
10,80,own footprint,0.0,0.0
11,80,own footprint,0.0,0.0
12,80,own footprint,0.0,0.0
13,80,own footprint,5.708243777193435,6.622800501810812
14,80,own footprint,66.59434196557848,66.58315985794671
15,80,own footprint,0.0,0.0
16,80,own footprint,0.0,0.0
17,80,own footprint,0.0,0.0
18,80,own footprint,0.0,0.0
19,80,own footprint,0.0,0.0
20,80,own footprint,0.0,0.0
21,80,own footprint,0.0,0.0
22,80,own footprint,0.0,0.0
23,80,own footprint,0.0,0.0
24,80,own footprint,0.0,0.0
25,80,own footprint,0.0,0.0
26,80,own footprint,0.0,0.0
27,80,own footprint,15.853123683054285,15.834777515708371
28,80,own footprint,0.0,0.0
29,80,own footprint,32.40239128312631,32.414779150774855
30,80,own footprint,0.0,0.0
31,80,own footprint,56.89998357190921,56.87400712635296
32,80,own footprint,44.11893624985987,44.083287063826695
33,80,own footprint,0.0,0.0
34,80,own footprint,0.0,0.0
35,80,own footprint,0.0,0.0
36,80,own footprint,0.0,0.0
37,80,own footprint,0.0,0.0
1,80,all footprints,87.06494780798444,87.0570663856389
2,80,all footprints,0.0,0.0
3,80,all footprints,0.0,0.0
4,80,all footprints,0.0,0.0
5,80,all footprints,0.0,0.0
6,80,all footprints,0.0,0.0
7,80,all footprints,0.0,0.0
8,80,all footprints,0.0,0.0
9,80,all footprints,0.0,0.0
10,80,all footprints,0.0,0.0
11,80,all footprints,0.0,0.0
12,80,all footprints,0.0,0.0
13,80,all footprints,6.632183557342461,6.622800501810812
14,80,all footprints,66.59434196557848,66.58315985794671
15,80,all footprints,0.0,0.0
16,80,all footprints,0.0,0.0
17,80,all footprints,0.0,0.0
18,80,all footprints,0.0,0.0
19,80,all footprints,0.0,0.0
20,80,all footprints,0.0,0.0
21,80,all footprints,0.0,0.0
22,80,all footprints,0.0,0.0
23,80,all footprints,0.0,0.0
24,80,all footprints,0.0,0.0
25,80,all footprints,0.0,0.0
26,80,all footprints,0.0,0.0
27,80,all footprints,15.85312368305428,15.834777515708371
28,80,all footprints,0.0,0.0
29,80,all footprints,32.40239128312632,32.414779150774855
30,80,all footprints,0.0,0.0
31,80,all footprints,56.89998357190921,56.87400712635296
32,80,all footprints,44.11893624985986,44.083287063826695
33,80,all footprints,0.0,0.0
34,80,all footprints,0.0,0.0
35,80,all footprints,0.0,0.0
36,80,all footprints,0.0,0.0
37,80,all footprints,0.0,0.0
1,90,own footprint,35.87165878348444,52.95382347571211
2,90,own footprint,0.0,0.0
3,90,own footprint,0.0,0.0
4,90,own footprint,0.0,0.0
5,90,own footprint,0.0,0.0
6,90,own footprint,0.0,0.0
7,90,own footprint,0.0,0.0
8,90,own footprint,0.0,0.0
9,90,own footprint,0.0,0.0
10,90,own footprint,0.0,0.0
11,90,own footprint,0.0,0.0
12,90,own footprint,0.0,0.0
13,90,own footprint,0.0,0.0
14,90,own footprint,16.644639281570477,16.64591964035214
15,90,own footprint,0.0,0.0
16,90,own footprint,0.0,0.0
17,90,own footprint,0.0,0.0
18,90,own footprint,0.0,0.0
19,90,own footprint,0.0,0.0
20,90,own footprint,0.0,0.0
21,90,own footprint,0.0,0.0
22,90,own footprint,0.0,0.0
23,90,own footprint,0.0,0.0
24,90,own footprint,0.0,0.0
25,90,own footprint,0.0,0.0
26,90,own footprint,0.0,0.0
27,90,own footprint,4.324940661134028,4.321852966374868
28,90,own footprint,0.0,0.0
29,90,own footprint,0.0,0.0
30,90,own footprint,0.0,0.0
31,90,own footprint,13.049346006729333,13.043124970680356
32,90,own footprint,0.0,0.0
33,90,own footprint,0.0,0.0
34,90,own footprint,0.0,0.0
35,90,own footprint,0.0,0.0
36,90,own footprint,0.0,0.0
37,90,own footprint,0.0,0.0
1,90,all footprints,52.93895658943894,52.95382347571211
2,90,all footprints,0.0,0.0
3,90,all footprints,0.0,0.0
4,90,all footprints,0.0,0.0
5,90,all footprints,0.0,0.0
6,90,all footprints,0.0,0.0
7,90,all footprints,0.0,0.0
8,90,all footprints,0.0,0.0
9,90,all footprints,0.0,0.0
10,90,all footprints,0.0,0.0
11,90,all footprints,0.0,0.0
12,90,all footprints,0.0,0.0
13,90,all footprints,0.0,0.0
14,90,all footprints,16.644639281570477,16.64591964035214
15,90,all footprints,0.0,0.0
16,90,all footprints,0.0,0.0
17,90,all footprints,0.0,0.0
18,90,all footprints,0.0,0.0
19,90,all footprints,0.0,0.0
20,90,all footprints,0.0,0.0
21,90,all footprints,0.0,0.0
22,90,all footprints,0.0,0.0
23,90,all footprints,0.0,0.0
24,90,all footprints,0.0,0.0
25,90,all footprints,0.0,0.0
26,90,all footprints,0.0,0.0
27,90,all footprints,4.324940661134026,4.321852966374868
28,90,all footprints,0.0,0.0
29,90,all footprints,0.0,0.0
30,90,all footprints,0.0,0.0
31,90,all footprints,13.049346006729337,13.043124970680356
32,90,all footprints,0.0,0.0
33,90,all footprints,0.0,0.0
34,90,all footprints,0.0,0.0
35,90,all footprints,0.0,0.0
36,90,all footprints,0.0,0.0
37,90,all footprints,0.0,0.0
1,100,own footprint,5.350973332300527,7.909723102366746
2,100,own footprint,0.0,0.0
3,100,own footprint,0.0,0.0
4,100,own footprint,0.0,0.0
5,100,own footprint,0.0,0.0
6,100,own footprint,0.0,0.0
7,100,own footprint,0.0,0.0
8,100,own footprint,0.0,0.0
9,100,own footprint,0.0,0.0
10,100,own footprint,0.0,0.0
11,100,own footprint,0.0,0.0
12,100,own footprint,0.0,0.0
13,100,own footprint,0.0,0.0
14,100,own footprint,0.0,0.0
15,100,own footprint,0.0,0.0
16,100,own footprint,0.0,0.0
17,100,own footprint,0.0,0.0
18,100,own footprint,0.0,0.0
19,100,own footprint,0.0,0.0
20,100,own footprint,0.0,0.0
21,100,own footprint,0.0,0.0
22,100,own footprint,0.0,0.0
23,100,own footprint,0.0,0.0
24,100,own footprint,0.0,0.0
25,100,own footprint,0.0,0.0
26,100,own footprint,0.0,0.0
27,100,own footprint,0.0,0.0
28,100,own footprint,0.0,0.0
29,100,own footprint,0.0,0.0
30,100,own footprint,0.0,0.0
31,100,own footprint,0.0,0.0
32,100,own footprint,0.0,0.0
33,100,own footprint,0.0,0.0
34,100,own footprint,0.0,0.0
35,100,own footprint,0.0,0.0
36,100,own footprint,0.0,0.0
37,100,own footprint,0.0,0.0
1,100,all footprints,7.896901190427368,7.909723102366746
2,100,all footprints,0.0,0.0
3,100,all footprints,0.0,0.0
4,100,all footprints,0.0,0.0
5,100,all footprints,0.0,0.0
6,100,all footprints,0.0,0.0
7,100,all footprints,0.0,0.0
8,100,all footprints,0.0,0.0
9,100,all footprints,0.0,0.0
10,100,all footprints,0.0,0.0
11,100,all footprints,0.0,0.0
12,100,all footprints,0.0,0.0
13,100,all footprints,0.0,0.0
14,100,all footprints,0.0,0.0
15,100,all footprints,0.0,0.0
16,100,all footprints,0.0,0.0
17,100,all footprints,0.0,0.0
18,100,all footprints,0.0,0.0
19,100,all footprints,0.0,0.0
20,100,all footprints,0.0,0.0
21,100,all footprints,0.0,0.0
22,100,all footprints,0.0,0.0
23,100,all footprints,0.0,0.0
24,100,all footprints,0.0,0.0
25,100,all footprints,0.0,0.0
26,100,all footprints,0.0,0.0
27,100,all footprints,0.0,0.0
28,100,all footprints,0.0,0.0
29,100,all footprints,0.0,0.0
30,100,all footprints,0.0,0.0
31,100,all footprints,0.0,0.0
32,100,all footprints,0.0,0.0
33,100,all footprints,0.0,0.0
34,100,all footprints,0.0,0.0
35,100,all footprints,0.0,0.0
36,100,all footprints,0.0,0.0
37,100,all footprints,0.0,0.0
