depth_cm,ring_rule,max_abs_diff_pct_points,cells_off_by_more_than_0.5,area_ratio_3857_over_authors
30,own footprint,27.805011316151166,7,
30,all footprints,0.043696210426062976,0,2.8326693439937234
40,own footprint,27.806383676544442,5,
40,all footprints,0.045243578682573116,0,2.832419324055289
50,own footprint,27.80501227024874,4,
50,all footprints,0.04389692094612485,0,2.8324295643968442
60,own footprint,27.80593320166149,3,
60,all footprints,0.0460942398568136,0,2.832595520918355
70,own footprint,27.517557601428116,2,
70,all footprints,0.04169239714671846,0,2.832599683925683
80,own footprint,26.941815816237792,2,
80,all footprints,0.035649186033161584,0,2.8335130860100497
90,own footprint,17.08216469222767,1,
90,all footprints,0.01486688627317534,0,2.8326641616969863
100,own footprint,2.5587497700662185,1,
100,all footprints,0.012821911939377983,0,2.827368430887041
